time|timestring|quote|title|author
00:00|twelve oâ€™clock at night|He will stand at his desk folding and pasting and cutting until twelve oâ€™clock at night.|All Quiet on the Western Front|Erich Maria Remarque
00:00|twelve|In other circumstances Mr. Clutter would have refused. His laws were laws, and one of them was: Nancyâ€”and Kenyon, tooâ€”must be home by ten on weeknights, by twelve on Saturdays.|In Cold Blood|Truman Capote
00:00|midnight|But again, he somehow managed it, and as he was testing his result, using a motor heâ€™d removed from an electric shaver in place of the detonator, Sakamochi gave his midnight announcement.|Battle Royale|Koushun Takami
00:00|midnight|Shortly after she and Kawada had returned here, Sakamochi gave his midnight announcement.|Battle Royale|Koushun Takami
00:00|midnight|Shortly after Sakamochiâ€™s midnight announcement, Toshinori heard a tremendous explosion and saw rising flames just to the right of the base of the foothill.|Battle Royale|Koushun Takami
00:00|midnight|He had missed the midnight, six a.m., and noon announcements.|Battle Royale|Koushun Takami
00:00|midnight|Yukie lifted her eyebrows. â€œOh, so thatâ€™s what that wasâ€”after eleven oâ€™clock, right? This oneâ€”the one after you were brought hereâ€”it came just after midnight. It was way bigger than the ones at eleven.â€|Battle Royale|Koushun Takami
00:00|midnight|Including the gunfire that came soon after leaving the lighthouse, heâ€™d heard shooting on three separate occasions since midnight.|Battle Royale|Koushun Takami
00:00|midnight|They skirted the northern rim of town. No one was abroad at this nearly midnight hour, and nothing was open except a desolately brilliant service stations. Dick turned into oneâ€”Hurdâ€™s Phillips 66.|In Cold Blood|Truman Capote
00:00|midnight|Nancy was invariably the last of the family to retire; as she once informed her friend and home-economics teacher, Mrs. Polly Stringer, the midnight hours were her â€œtime to be selfish and vain.â€|In Cold Blood|Truman Capote
00:00|midnight|This person, so Dewey imagined, approached the house on foot, probably around midnight.|In Cold Blood|Truman Capote
00:00|midnight|Around midnight they crossed the border into Oklahoma. Perry, glad to be out of Kansas, at last relaxed.|In Cold Blood|Truman Capote
00:00|midnight|â€œWhat time was this?â€ â€œAround midnight. Dick said it was seven miles more to Holcomb.â€|In Cold Blood|Truman Capote
00:00|midnight|It was just after midnight, and the warehouse was lit up like a Halloween pumpkin.|In Cold Blood|Truman Capote
00:00|midnight|In March, 1965, after Smith and Hickock had been confined in their Death Row cells almost two thousand day, the Kansas Supreme Court decreed that their lives must end between midnight and 2:00 A.M., Wednesday, April 14, 1965.|In Cold Blood|Truman Capote
00:00|midnight|He has never attended an execution, and when on the midnight past he entered the cold warehouse, the scenery had surprised him: he had anticipated a setting of suitable dignity, not this bleakly lighted cavern cluttered with lumber and other debris.|In Cold Blood|Truman Capote
00:00|midnight|He slept and woke and the rain slackened and after a while it stopped. He wondered if it was even midnight.|The Road|Cormac McCarthy
00:00|midnight|Some time toward midnight Tom Buchanan and Mrs. Wilson stood face to face discussing in impassioned voices, whether Mrs. Wilson had any right to mention Daisyâ€™s name.|The Great Gatsby|F. Scott Fitzgerald
00:00|midnight|On weekends his Rolls-Royce became an omnibus, bearing parties to and from the city, between nine in the morning and last past midnight, while his station wagon scampered like a brisk yellow bug to meet all trains.|The Great Gatsby|F. Scott Fitzgerald
00:00|midnight|The first supperâ€”there would be another one after midnightâ€”was now being served, and Jordan invited me to join her own party who were spread around a table on the other side of the garden.|The Great Gatsby|F. Scott Fitzgerald
00:00|midnight|Until long after midnight a changing crowd lapped up against the front of the garage, while George Wilson rocked himself back and forth on the couch inside.|The Great Gatsby|F. Scott Fitzgerald
00:01|one minute after midnight|In accordance with the sentence of the court, Smith and Hickock were scheduled to visit the warehouse six weeks hence at one minute after midnight on Friday, May 13, 1960.|In Cold Blood|Truman Capote
00:09|Nine past midnight|Shinji looked at his watch. Nine past midnightâ€”plenty of time.|Battle Royale|Koushun Takami
00:41|12:41 A.M.|â€œHickock, 33 years old, died first, at 12:41 A.M.; Smith, 36, died at 1:19 â€¦â€|In Cold Blood|Truman Capote
01:00|one oâ€™clock|After all, area F-7, just to the north of the school, and at the base of the mountain where Shuya had likely run and hid, was designated to become a forbidden zone at one oâ€™clock. And it was past one now.|Battle Royale|Koushun Takami
01:12|twelve past one|Noriko held her wrist up to the coin-sized spot of moonlight coming in through the leaves. Her watch read twelve past one. For some time now, she had been repeating this action as if it were a magic ritual.|Battle Royale|Koushun Takami
01:17|1:17|The clocks stopped at 1:17.|The Road|Cormac McCarthy
01:19|1:19|â€œHickock, 33 years old, died first, at 12:41 A.M.; Smith, 36, died at 1:19 â€¦â€|In Cold Blood|Truman Capote
01:59|almost two|Mr. Clutter would have refused. His laws were laws, and one of them was: Nancyâ€”and Kenyon, tooâ€”must be home by ten on weeknights, by twelve on Saturdays. But weakened by the genial events of the evening, he had consented. And Nancy had not returned home until almost two.|In Cold Blood|Truman Capote
01:59|almost two|I was alone and it was almost two. For some time confused and intriguing sounds had issued from a long many-windowed room which overhung the terrace.|The Great Gatsby|F. Scott Fitzgerald
02:00|two oâ€™clock in the morning|I have run eight times from the top floor of the barracks down to the courtyard in my shirt at two oâ€™clock in the morning because my drawers projected three inches beyond the edge of the stool on which one had to stall all oneâ€™s things.|All Quiet on the Western Front|Erich Maria Remarque
02:00|two A.M.|â€œIt would help if we knew in what order the family died, but the coroner canâ€™t tell us that; he only knows the murders happened sometime between eleven P.M. Saturday and two A.M. Sunday.â€|In Cold Blood|Truman Capote
02:00|2:00 A.M.|In March, 1965, after Smith and Hickock had been confined in their Death Row cells almost two thousand day, the Kansas Supreme Court decreed that their lives must end between midnight and 2:00 A.M., Wednesday, April 14, 1965.|In Cold Blood|Truman Capote
02:00|Two oâ€™clock|When I came home to West Egg that night I was afraid for a moment that my house was on fire. Two oâ€™clock and the two corner of the peninsula was blazing with light, which fell unreal on the shrubbery and made thin elongating glints upon the roadside wires. Turning a corner, I saw that it was Gatsbyâ€™s house, lit from tower to cellar.|The Great Gatsby|F. Scott Fitzgerald
02:40|2:40|Shuya held his watch up to the moonlight. The finely crafted old model K. Hattori diverâ€™s watch (a gift, like most of his possessions, with him living in an orphanage) read just past 2:40. Whatever had happened to Yoshio Akamatsu, nearly all of the students would have left the school by now, save for two or three.|Battle Royale|Koushun Takami
03:00|Three oâ€™clock in the morning|The sky has become brighter. Three oâ€™clock in the morning. The breeze is fresh and cool, the pale hour makes our faces look grey.|All Quiet on the Western Front|Erich Maria Remarque
03:00|three oâ€™clock|Since zone G-3, which would be a forbidden zone after three oâ€™clock, was located on the northern side of the south mountainâ€™s summit, Hiroki decided to hike there.|Battle Royale|Koushun Takami
03:00|three in the morning|It was three in the morning, and the telephone rang again.|In Cold Blood|Truman Capote
03:00|Three Oâ€™Clock in the Morning|Her glance left me and sought the lighted top of the steps, where â€œThree Oâ€™Clock in the Morning,â€ a neat, sad little waltz of that year, was drifting out the open door.|The Great Gatsby|F. Scott Fitzgerald
03:00|three oâ€™clock|About three oâ€™clock the quality of Wilsonâ€™s incoherent muttering changedâ€”he grew quieter and began to talk about the yellow car.|THe Great Gatsby|F. Scott Fitzgerald
03:31|Just after half-past three in the morning|Just after half-past three in the morning, Toshinori Oda (Boys #4) left the house where heâ€™d been hiding.|Battle Royale|Koushun Takami
03:59|nearly four in the morning|She couldnâ€™t see her watch, but figured sheâ€™d been sitting there for two hours, which made it nearly four in the morning.|Battle Royale|Koushun Takami
04:00|four oâ€™clock in the morning|About four oâ€™clock in the morning we reach a record: all eleven men guards, and visitors, are squatting outside.|All Quiet on the Western Front|Erich Maria Remarque
04:00|four in the morning|They talked till nearly four in the morning; and though they drank more, their talk grew quieter and quieter, until at last no one spoke at all.|Stoner|John Williams
04:00|four oâ€™clock|Then I was lying half asleep in the cold lower level of the Pennsylvania Station, staring at the morning Tribune and waiting for the four oâ€™clock train.|The Great Gatsby|F. Scott Fitzgerald
04:00|four oâ€™clock in the morning|â€It was four oâ€™clock in the morning then, and if weâ€™d raised the blinds weâ€™d of seen daylight.â€|The Great Gatsby|F. Scott. Fitzgerald
04:00|four oâ€™clock|â€œNothing happened,â€ he said wanly. â€I waited, and about four oâ€™clock she came to the window and stood there for a minute and then turned out the light.â€|The Great Gatsby|F. Scott Fitzgerald
05:00|five oâ€™clock|The man looks at me and says: â€œOne operation after another since five oâ€™clock this morning. You know, to-day alone there have been sixteen deathsâ€”yours is the seventeenth. There will probably be twenty altogetherâ€”â€”â€|All Quiet on the Western Front|Erich Maria Remarque
05:00|five oâ€™clock|As soon as heâ€™d first gone inside, he tried to determine where he was, which as far as he could tell was somewhere inside zone E-4. And Sakamochi had announced E-4 would become a forbidden zone at five oâ€™clock.|Battle Royale|Koushun Takami
05:00|five in the morning|As the undersheriffâ€™s helpmate her hours are long; between five in the morning, when she begins the day by reading a chapter in the Bible, and 10:00 P.M., her bedtime, she cooks and sews for the prisoners, darns, does their laundry, takes splendid care of her husband, and looks after their five-room apartment, with its â—»gemÃ¼tlichâ—» mÃ¨lange of plump hassocks and squashy chairs and cream-colored lave window curtains.|In Cold Blood|Truman Capote
05:00|five oâ€™clock|He was glad a little later when he noticed a change in the room, a blue quickening by the window, and realized that dawn wasnâ€™t far off. About five oâ€™clock it was blue enough to snap off the light.|The Great Gatsby|F. Scott Fitzgerald
05:55|five minutes to six|Though it was five minutes to six, compared to the previous hours, the island seemed terribly bright.|Battle Royale|Koushun Takami
06:00|six a.m.|Shinji thought back to the time he was in Yutakaâ€™s room when his friend told him, with a little bit of pride and a little bit of embarrassment mixed into his voice, â€œIâ€¦ like Izumi Kanai.â€ And that Izumi Kanai had died so quickly. Her death had been announced in the six a.m. report. They didnâ€™t know where she had died. They only knew it had been somewhere on the island.|Battle Royale|Koushun Takami
06:00|six a.m.|â€œGood morning, everyone!â€ It was Sakamochiâ€™s voice. Shuya couldnâ€™t tell where the loudspeakers were, but the words came loud and clear, if distorted and metallic. The speakers must have been distributed throughout the island. â€œThis is your instructor, Sakamochi speaking. Itâ€™s now six a.m. How are you all doing?â€|Battle Royale|Koushun Takami
06:00|six a.m.|Sakamochiâ€™s six a.m. announcement woke up Tadakatsu.|Battle Royale|Koushun Takami
06:00|six a.m.|He had missed the midnight, six a.m., and noon announcements.|Battle Royale|Koushun Takami
06:00|0600|Bowmanâ€™s day began at 0600, shipâ€™s timeâ€”the Universal Ephemeris Time of the astronomers. If he was late, Hal had a variety of beeps and chimes to remind him of his duty, but they had never been used.|2001: A Space Odyssey|Arthur C. Clarke
06:00|six oâ€™clock|By six oâ€™clock Michaelis was worn out, and grateful for the sound of a car stopping outside.|The Great Gatsby|F. Scott Fitzgerald
06:30|six-thirty|Ordinarily, Mr. Clutterâ€™s morning began at six-thirty; clanging milk pails and the whispery chatter of the boys who brought them, two sons of a hired man named Vic Irsik, usually roused him.|In Cold Blood|Truman Capote
07:00|seven|As a consequence, it was well after seven when he awakened on Saturday, November 14, 1959.|In Cold Blood|Truman Capote
07:00|seven in the morning|Holcomb is twelve miles east of the mountain time-zone border, a circumstance that causes some grumbling, for it means that at seven in the morning, and in winter at eight or after, the sky is still dark and the stars, if any, are still shining.|In Cold Blood|Truman Capote
07:00|0700|At 0700 he would officially relieve Poole on the Control Deck, bringing him a squeeze-tube of coffee from the kitchen.|2001: A Space Odyssey|Arthur C. Clarke
07:30|seven-thirty|Ordinarily, we feed just twice a day. Breakfast at seven-thirty, and at four-thirty, we serve the main meal.|In Cold Blood|Truman Capote
08:00|eight oâ€™clock|And then it was Friday, and he still had not read it. He saw it lying accusingly on his desk in the morning when he gathered his books and papers for his eight oâ€™clock class|Stoner|John Williams
08:00|eight oâ€™clock|â€œWell, as I understand it, there have been a few complaints. Studentsâ€”â—»youâ—» know.â€ He shook his head commiseratingly. â€œSome of them seem to thinkâ€”well, they donâ€™t really seem to understand whatâ€™s going on in your eight oâ€™clock class.â€|Stoner|John Williams
08:00|eight oâ€™clock in the morning|He worked straight through Friday, from eight oâ€™clock in the morning until ten that night.|Stoner|John Williams
08:00|eight|Holcomb is twelve miles east of the mountain time-zone border, a circumstance that causes some grumbling, for it means that at seven in the morning, and in winter at eight or after, the sky is still dark and the stars, if any, are still shining.|In Cold Blood|Truman Capote
08:00|8 in the morning|After we were married, I worked at a service-station near Kansas City. I worked from 8 at night till 8 in the morning.|In Cold Blood|Truman Capote
08:00|eight|As he listened to Charley Hogeâ€™s exhortations, his mind wandered away from the impassioned words; he thought of the times, short months before, when he had been compelled to be present each morning at eight at Kingâ€™s Chapel in Harvard College, to listen to words much like the words to which he listened now.|Butcherâ€™s Crossing|John Williams
08:00|eight|â€œGood night,â€ she said softly. â€œWake me at eight, wonâ€™t you.â€|The Great Gatsby|F. Scott Fitzgerald
08:42|8:42 a.m.|â€œLetâ€™s see,â€ Sakamochi said, â€œYumiko Kusaka died at 8:42 a.m. and Yukiko Kitano, she was also at forty-two after.â€ He brushed his long hair back behind his ears. â€œAhhh, thereâ€™s so much to be done!â€|Battle Royale|Koushun Takami
08:45|a quarter to nine|Outside the drugstore, Perry stationed himself in the sun. It was a quarter to nine, and Dick was half an hour late; however, if Dick had not hammered home the every-minute importance of the next twenty-four hours, he would not have noticed it.|In Cold Blood|Truman Capote
09:00|nine|And Mrs. Clarence Katz, the wife of the farmer who lived on the highway said, â€œI â—»toldâ—» your daddy not to wake you up. I said Nancy must be â—»tiredâ—» after all that wonderful acting she did last night. You were lovely, dear. Those white ribbons in your hair! And that part when you thought Tom Sawyer was deadâ€”you had real tears in your eyes. Good as anything on TV. But your daddy said it was time you got up; well, it â—»isâ—» going on for nine.â€|In Cold Blood|Truman Capote
09:00|nine oâ€™clock|The morning after this he stayed at the breakfast table until Grace left for school, even though he knew he would be late for his nine oâ€™clock class.|Stone|John Williams
09:00|nine|when he returned a little after nine he nearly decided to leave a note in Miss Driscollâ€™s mailbox in the main office, begging for another week; but he resolved to look at it hurriedly before his eleven oâ€™clock class|Stoner|John Williams
09:00|nine oâ€™clock|She would say to Stoner: â€œWilly had better finish his coffee; itâ€™s almost nine oâ€™clock, and he wouldnâ€™t want to be late to class.â€|Stoner|John Williams
09:00|nine|But by nine, when the boys finished workâ€”during which they noticed nothing amissâ€”the sun had risen, delivering another day of pheasant-season perfection.|In Cold Blood|Truman Capote
09:00|9:00 A.M.|The next day in Reno, preparing his official notes, Nye wrote: â€œAt 9:00 A.M. the reporting agent contacted Mr. Bill Driscoll, chief criminal investigator, Sheriffâ€™s Office, Washoe County, Reno, Nevada.â€|In Cold Blood|Truman Capote
09:00|nine|It was early, not yet nine, and Perry was the first customer at the Washateria, a self-service laundry.|In Cold Blood|Truman Capote
09:00|nine in the morning|On weekends his Rolls-Royce became an omnibus, bearing parties to and from the city, between nine in the morning and last past midnight, while his station wagon scampered like a brisk yellow bug to meet all trains.|The Great Gatsby|F. Scott Fitzgerald
09:00|nine oâ€™clock|â€œAnd donâ€™t forget weâ€™re going up in the hydroplane tomorrow morning at nine oâ€™clock.â€|The Great Gatsby|F. Scott. Fitzgerald
09:00|nine oâ€™clock|At nine oâ€™clock, one morning late in July, Gatsbyâ€™s gorgeous car lurched up the rocky drive to my door and gave out a burst of melody from its three-noted horn.|The Great Gatsby|F. Scott. Fitzgerald
09:00|nine oâ€™clock|It was nine oâ€™clock when we finished breakfast and went out on the porch.|The Great Gatsby|F. Scott Fitzgerald
09:35|nine thirty-five|â€œThe sheriff arrived; it was nine thirty-fiveâ€”I looked at my watch. Mr. Ewalt waved at him to follow our car, and we drove out to the Cluttersâ€™.â€|In Cold Blood|Truman Capote
10:00|ten oâ€™clock|The shelling can be heard distinctly. It is the English batteries to the right of our section. They are beginning an hour too soon. According to us they start punctually at ten oâ€™clock. â€œWhatâ€™s got them?â€ says MÃ¼ller, â€œtheir clocks must be fast.â€|All Quiet on the Western Front|Erich Maria Remarque
10:00|ten oâ€™clock|Waiting for her watch to point to ten oâ€™clock, Yoshimi Yahagi (Girls #21) cautiously poked her head out the back door of the house where she hid.|Battle Royale|Koushun Takami
10:00|ten oâ€™clock in the morning|At about ten oâ€™clock in the morning he shot himself in the head with a revolver he had purchased the day before and brought with him in his briefcase. He left no note behind him; but the papers neatly arranged on his desk told all that he had to tell. And what he had to tell was simply financial ruin.|Stoner|John Williams
10:00|ten|When the laundry was clean and dry, Perry repacked the suitcase. It was past ten.|In Cold Blood|Truman Capote
10:00|ten oâ€™clock|The trial resumed on Monday morning at ten oâ€™clock.|In Cold Blood|Truman Capote
10:00|1000|So for two hours, from 1000 to 1200, Bowman would engage in a dialogue with an electronic tutor, checking his general knowledge or absorbing material specific to this mission.|2001: A Space Odyssey|Arthur C. Clarke
10:30|10:30 A.M.|â€œAt 10:30 A.M. the reporting agent contacted Sgt. Abe Feroah, Detective Division, Police Department, Reno, Nevada.â€|In Cold Blood|Truman Capote
10:32|ten-thirty-two|In Mother Truittâ€™s profession, Sunday is a workday like any other. On November 15, while she was waiting for the westbound ten-thirty-two, she was astonished to see two ambulances cross the railroad tracks and turn toward the Clutter property.|In Cold Blood|Truman Capote
11:00|eleven|The note of panic in Mrs. Clutterâ€™s voice had caused her to have a shift of feeling; Jolene was confused, and wished that her mother, who had promised to call back for her at eleven, would come.|In Cold Blood|Truman Capote
11:00|eleven a.m.|At eleven a.m., the collars of any players remaining in sector H-8, which included the village, would explode.|Battle Royale|Koushun Takami
11:00|â—¯11AMâ—¯|Like so many other squares on the map, that sectorâ€”C-3, near the western shoreâ€”had been scribbled out with diagonal pencil lines. Small writing inside the grid read: â—»23rd,â—» â—¯11AMâ—¯. This morning, while Shuya was unconscious, their meeting place had become off-limits.|Battle Royale|Koushun Takami
11:00|eleven oâ€™clock|when he returned a little after nine he nearly decided to leave a note in Miss Driscollâ€™s mailbox in the main office, begging for another week; but he resolved to look at it hurriedly before his eleven oâ€™clock class|Stoner|John Williams
11:00|eleven|â€œWell, we ate breakfast at a truck stop near Happy Hill. Then we drove to Olathe, and I dropped Perry off at the hotel where he was living. Iâ€™d say that was around eleven.â€|In Cold Blood|Truman Capote
11:00|eleven oâ€™clock|At eleven oâ€™clock a man in a raincoat, dragging a lawn-mower, tapped at my front door and said that Mr. Gatsby had sent him over to cut my grass.|The Great Gatsby|F. Scott Fitzgerald
11:59|nearly noon|It is nearly noon. The sun blazes hotly, the sweat stings in our eyes, we wipe it off on our sleeves and often blood with it.|All Quiet on the Western Front|Erich Maria Remarque
11:59|Just before noon|Just before noon the men resumed their slower journey downward; Andrews turned back and looked up the mountain they had descended.|Butcherâ€™s Crossing|John Williams
11:59|Just before noon|Just before noon the phone woke me, and I started up with sweat breaking out on my forehead. It was Jordan Baker; she often called me up at this hour because the uncertainty of her own movements between hotels and clubs and private houses made her hard to find in any other way.|The Great Gatsby|F. Scott Fitzgerald
12:00|noon|It was noon before the first of us crawled out of our quarters.|All Quiet on the Western Front|Erich Maria Remarque
12:00|noon|It is good that it is growing daylight; perhaps the attack will come before noon.|All Quiet on the Western Front|Erich Maria Remarque
12:00|noon|The gurgling starts againâ€”but how slowly a man dies! For this I knowâ€”he cannot be saved, I have, indeed, tried to tell myself that he will be, but at noon this pretence breaks down and melts before his groans. If only I had not lost my revolver crawling about, I would shoot him.|All Quiet on the Western Front|Erich Maria Remarque
12:00|noon|By noon I am groping on the outer limits of reason. Hunger devours me, I could almost weep for something to eat, I cannot struggle against it. Again and again I fetch water for the dying man and drink some myself.|All Quiet on the Western Front|Erich Maria Remarque
12:00|noon|At noon the hospital inspector arrives and abuses us.|All Quiet on the Western Front|Erich Maria Remarque
12:00|noon|At noon they put down their tools, and Dick, racing the engine, listening to the consistent hum, was satisfied that a thorough job had been done.|In Cold Blood|Truman Capote
12:00|noon|â€œâ€¦And thatâ€™s all the students who have died,â€ Sakamochiâ€™s cheerful voice was saying for the noon announcement.|Battle Royale|Koushun Takami
12:00|noon|Yukie regarded him with a curious look, then said â€œNoriko and Kawada are both file, I suppose. At least, we just heard the noon announcement, and their names werenâ€™t called.â€|Battle Royale|Koushun Takami
12:00|noon|He had missed the midnight, six a.m., and noon announcements.|Battle Royale|Koushun Takami
12:00|â—¯noonâ—¯|Shuya pressed his lips together. Noriko and Kawada werenâ€™t there now. â—»Thatâ—» â—»isâ—», Shuya thought, his mind having recovered into working order, â—»unlessâ—» â—»theyâ—» â—»diedâ—» â—»afterâ—» â—¯noonâ—¯.|Battle Royale|Koushun Takami
12:00|noon|Weâ€™re down another six now. At noon, Sakamochi said there were fourteen of us left. Now there are eight, at most.|Battle Royale|Koushun Takami
12:00|noon|Is Kayoko Kotohiki still alive? She wouldnâ€™t have died sometime since noon, somewhere I havenâ€™t found yet, right?|Battle Royale|Koushun Takami
12:00|noon|She had moved twice due to forbidden zone announcements. The second time had been just after this noon, because sector D-7, to the south of the summit, was going to become a forbidden zone at one oâ€™clock.|Battle Royale|Koushun Takami
12:00|noon|At noon, fourteen [students] remained. And after that, she heard more gunfire. Was it twelve left now? Or maybe ten?|Battle Royale|Koushun Takami
12:00|noon|Kayoko had at least lived until noon, but there had been all that gunfireâ€”and then those two single shots not long ago.|Battle Royale|Koushun Takami
12:00|noon|Then Shuya remembered that Mizuho Inada was still aliveâ€”or at least she had been alive at noon.|Battle Royale|Koushun Takami
12:00|noon|After the class was over at noon he was delayed by several students who needed to talk to him, so that it was after one oâ€™clock when he was able to break away.|Stoner|John Williams
12:00|noon|He had arrived home at noon, kissed his mother, readily replied to questions his father put concerning his supposed overnight trip to Fort Scott, and sat down to eat, seeming quite his ordinary self.|In Cold Blood|Truman Capote
12:00|noon|The men worked from noon to dusk. When the time came to burn what they had collected, they piled it on a pickup truck and, with Stoecklein at the wheel, drove deep into the farmâ€™s north field, a flat place full of color, though a single colorâ€”the shimmering tawny yellow of November wheat stubble.|In Cold Blood|Truman Capote
12:00|noon|The car was parked on a promontory where Perry and Dick had stopped to picnic. It was noon. Dick scanned the view through a pair of binoculars.|In Cold Blood|Truman Capote
12:00|noon|He was back a little before noon Sunday.|In Cold Blood|Truman Capote
12:00|noon|One umbrella, pink, had written upon it, â€œWe Serve Valentine Ice-Cream.â€ At noon on Christmas Day, a quartet of women lay under and around it, a transistor radio serenading them.|In Cold Blood|Truman Capote
12:00|noon|For Dewey and Duntz, patient professionals, had gradually narrowed the prisonerâ€™s life story to the events of the last seven weeks, then reduced those to a concentrated recapitulation of the crucial weekendâ€”Saturday noon to Sunday noon, November 14 to 15.|In Cold Blood|Truman Capote
12:00|noon|It was almost noon when we got to Olathe.|In Cold Blood|Truman Capote
12:00|noon|They passed through the city at noon the day following.|The Road|Cormac McCarthy
12:00|noon|â€œI see,â€ said Nye. â€œAn overnight trip. Which means they left here sometime Saturday. That would be Saturday, November fourteenth?â€ The old man agreed. â€And returned Sunday, November fifteenth?â€ â€œSunday noon.â€|In Cold Blood|Truman Capote
12:00|noon|Heâ€™d put a handful of dried raisins in a cloth in his pocket and at noon they sat in the dead grass by the side of the road and ate them.|The Road|Cormac McCarthy
12:00|noon|They were crossing the broad coastal plain where the secular winds drove them in howling clouds of ash to find shelter where they could. Houses or barns or under the bank of a roadside ditch with the blankets pulled over their heads and the noon sky black as the cellars of hell.|The Road|Cormac McCarthy
12:00|noon|He sat in the road at noon in the best light there would be and snipped the sutures with the scissors and put the scissors back in the kit and took out the clamp.|The Road|Cormac McCarthy
12:00|noon|It was near noon when he arrived at the hotel; the tiredness that had come upon him in McDonaldâ€™s shack remained.|Butcherâ€™s Crossing|John Williams
12:00|noon|Once he saw Francine on the street; it was at noon, when few people were about; she was walking from Jacksonâ€™s Saloon towards the dry goods store, and they met at the entrance, which was directly across the street from the hotel.|Butcherâ€™s Crossing|John Williams
12:00|noon|â€œThen I think Iâ€™ll go back to the hotel. I have a few letters I ought to write.â€ ğŸ“–â€œAll right, Will,â€ Miller said. â€œBut we ought to get those clothes tomorrow. Why donâ€™t you meet me at the dry goods store just after noon.â€|Butcherâ€™s Crossing|John Williams
12:00|noon|By noon the horsesâ€™ hides were shining with sweat, and white flecks of foam covered their mouths and were sent flying into the air as they shook their heads against the bits.|Butcherâ€™s Crossing|John Williams
12:00|noon|Andrews squinted and strained his eyes against the noon brightness.|Butcherâ€™s Crossing|John Williams
12:00|noon|A few moments after they crossed the stream, Miller again pulled his horse to a halt. In the dimness, the other men could see him raise himself in the saddle and learn towards the lifting darkness in the west. As if it were heavy, he lifted his arm and pointed in that direction. ğŸ“–â€œWeâ€™ll cut across country here,â€ he said, â€œand his the Smoky Hill trail about noon.â€|Butcherâ€™s Crossing|John Williams
12:00|noon|The rich buffalo grass, upon which their animals fattened even during the arduous journey, changed it color throughout the day; in the morning, in the pinkish rays of the early sun, it was nearly gray; later, in the yellow light of the midmorning sun, it was brilliant green; at noon it took on a bluish cast; in the afternoon, in the intensity of the sun, at a distance, the blades lost their individual character and through the green showed a distinct cast of yellow, so that when a light breeze whipped across, a living color seemed to run through the grass, to disappear and reappear from moment to moment.|Butcherâ€™s Crossing|John Williams
12:00|noon|The wagon came near them; in the hot noon air, Charley Hogeâ€™s voice raised quaveringly; he sang that God was his strong salvation, that he feared no foe, nor darkness nor temptation; he stood firm in the fight, with God at his right hand, For a moment the three men listened to the tortured voice urging its message upon the empty land; then they pushed their horses before the wagon and resumed their slow course across the country.|Butcherâ€™s Crossing|John Williams
12:00|noon|The reality of their journey lay in the routine detail of bedding down at night, arising in the morning, drinking black coffee from hot tin cups, packing bedrolls upon gradually wearying horses, the monotonous and numbing movement over the prairie that never changed its aspect, the watering of the horses and oxen at noon, the eating of hard biscuit and dried fruit, the resumption of the journey, the fumbling setting up of camp in the darkness, the tasteless quantities of beans and bacon gulped savagely in the flickering darkness, the coffee again, and the bedding down.|Butcherâ€™s Crossing|John Williams
12:00|noon|Much later, around the campfire, which Charley Hoge had prepared with wood gathered at their noon stop, the men squatted and drank their coffee.|Butcherâ€™s Crossing|John Williams
12:00|noon|Shortly before noon Miller pulled his horse to a halt, dismounted, and walked back toward the slowly moving wagon.|Butcherâ€™s Crossing|John Williams
12:00|noon|Shortly before noon, Charlie Hoge gathered some driftwood that he found along the stream and started a fire.|Butcherâ€™s Crossing|John Williams
12:00|noon|â€œWe should hit the river by noon,â€ Miller said. â€œThen we start to climb.â€|Butcherâ€™s Crossing|John Williams
12:00|1200|So for two hours, from 1000 to 1200, Bowman would engage in a dialogue with an electronic tutor, checking his general knowledge or absorbing material specific to this mission.|2001: A Space Odyssey|Arthur C. Clarke
12:00|midday|At midday, he would retire to the gallery and leave the ship to Hal while he prepared his lunch.|2001: A Space Odyssey|Arthur C. Clarke
12:00|noon|His field hand had found him at midmorning, lying face down on the broken field, unconscious. He had carried him to the house, put him in bed, and gone to fetch a doctor; but by noon he was dead.|Stone|John Williams
12:00|noon|Roaring noon. In a well-fanned Forty-second Street cellar I met Gatsby for lunch. Blinking away the brightness of the street outside, my eyes picked him out obscurely in the anteroom, talking to another man.|The Great Gatsby|F. Scott Fitzgerald
12:00|noon|As my train emerged from the tunnel into sunlight, only the hot whistles of the National Biscuit Company broke the simmering hush at noon.|The Great Gatsby|F. Scott Fitzgerald
12:00|noon|â€œThe masterâ€™s body?â€ roared the butler into the mouthpiece. â€œIâ€™m sorry, madame, but we canâ€™t furnish itâ€”itâ€™s far too hot to touch this noon!â€|The Great Gatsby|F. Scott Fitzgerald
12:00|noon|â€œIâ€™ll call you up,â€ I said finally. â­â€œDo, old sport.â€ â­â€œIâ€™ll call you about noon.â€|The Great Gatsby|F. Scott Fitzgerald
12:00|noon|Taking out my timetable, I drew a small circle around the three-fifty train. Then I leaned back in my chair and tried to think. It was just noon.|The Great Gatsby|F. Scott Fitzgerald
12:00|noon|His movementsâ€”he was on the foot all the timeâ€”were afterward traced to Port Roosevelt and then to Gadâ€™s Hill, where he bought a sandwich that he didnâ€™t eat, and a cup of coffee.He must have been tired and walking slowly, for he didnâ€™t reach Gadâ€™s Hill until noon.|The Great Gatsby|F. Scott Fitzgerald
12:00|noon|I was sure heâ€™d start when he saw the newspapers, just as I was sure thereâ€™d be a wire from Daisy before noonâ€”but neither a wire nor Mr. Wolfshiem arrived; no one arrived except more police and photographers and newspaper men.|The Great Gatsby|F. Scott Fitzgerald
13:00|one oâ€™clock|â€œIâ€™ll now report the forbidden zones beginning this afternoon. Now please take notes. Take notes, now.â€ â­Shuya took out his map and a pen. Kawada also had his map out. â­â€œFirst off, from one oâ€™clock is J-5. Then, from three, H-3. From five is D-8. Did you get that?â€|Battle Royale|Koushun Takami
13:00|one oâ€™clock|After finishing her lunch of water and that awful government bread, Takako made up her mind to leave the house once her watch read one oâ€™clock.|Battle Royale|Koushun Takami
13:00|one oâ€™clock|She had moved twice due to forbidden zone announcements. The second time had been just after this noon, because sector D-7, to the south of the summit, was going to become a forbidden zone at one oâ€™clock.|Battle Royale|Koushun Takami
13:00|one oâ€™clock|After the class was over at noon he was delayed by several students who needed to talk to him, so that it was after one oâ€™clock when he was able to break away.|Stoner|John Williams
13:00|one oâ€™clock|â€œDick? You hear me?â€ Perry said. â€œItâ€™s almost one oâ€™clock.â€|In Cold Blood|Truman Capote
13:00|1300|After lunch, from 1300 to 1600 Bowman would make a slow and careful tour of the shipâ€”or such part of it that was accessible.|2001: A Space Odyssey|Arthur C. Clarke
13:17|1:17|The clocks stopped at 1:17|The Road|Cormac McCarthy
13:20|1:20|Takako checked her provisioned wristwatch, which read 1:20. With all the bracelets she typically wore, she hardly ever used a watch, but she didnâ€™t have a choice now.|Battle Royale|Koushun Takami
13:30|One-thirty|Duntz says, â€œHold on, Perry. Youâ€™re jumping ahead. Go back to Olathe. What time did you leave here?â€ â€œOne. One-thirty. We left just after lunch and drove to Emporia.â€|In Cold Blood|Truman Capote
14:00|two oâ€™clock|I tumble down the cellar steps, my elbows are skinned, but I have not lost a single pancake, nor even upset the plate. At two oâ€™clock we start the meal.|All Quiet on the Western Front|Erich Maria Remarque
14:00|two oâ€™clock|And she was on the train, on her way out of Columbia, by two oâ€™clock that afternoon.|Stoner|John Williams
14:00|two oâ€™clock|He smiled to himself and went to his office and waited for the telephone call that he knew would come. â­It came at two oâ€™clock that afternoon.|Stoner|John Williams
14:00|two|They preferred to believe Bob Johnson, the insurance salesman, who had spent all Saturday afternoon conferring with Mr. Clutter in the latterâ€™s office, and who was â€œabsolutely positiveâ€ that from two to ten past six he had been Herbâ€™s sole visitor.|In Cold Blood|Truman Capote
14:00|2:00 P.M.|Still, there were some things too precious to chance losing, so while the lovers drowsed and time dawdled on toward 2:00 P.M., Perry looked through old letters, photographs, clippings, and selected from them those mementos he meant to take with him.|In Cold Blood|Truman Capote
14:00|2 P.M.|But, damn it, you do worry scheme, fret over your fingernails and the warnings of hotel managements: â€œSU DÃA TERMINA A LAS 2 P.M.â€|In Cold Blood|Truman Capote
14:00|two P.M.|Perry said: â€œFor Christsake, Dick. Hurry it up will you? Our day ends at two P.M.â€|In Cold Blood|Truman Capote
14:00|2:00 P.M.|On Saturday, the second day of 1960, both rooms were booked for 2:00 P.M.â€”the hour that four detectives from Kansas had selected for their first confrontation of Hickock and Smith.|In Cold Blood|Truman Capote
14:00|two oâ€™clock|The flowers were unnecessary, for at two oâ€™clock a greenhouse arrived from Gatsbyâ€™s, with innumerable receptacles to contain it. An hour later the front door opened nervously, and Gatsby in a white flannel suit, silver shirt, and gold-coloured tie, hurried in.|The Great Gatsby|F. Scott Fitzgerald
14:00|two oâ€™clock|At two oâ€™clock Gatsby put on his bathing-suit and left word with the butler that if anyone phoned word was to be brought to him at the pool.|The Great Gatsby|F. Scott Fitzgerald
14:30|two-thirty in the afternoon|But when the northern shoreline turned toward the west he heard the faint sound of a chirping bird far in the distance. This was near two-thirty in the afternoon. Shuya stopped to listenâ€”and hurriedly looked at his watch.|Battle Royale|Koushun Takami
14:30|half-past two|By half-past two he was in West Egg, where he asked someone the way to Gatsbyâ€™s house.|The Great Gatsby|F. Scott Fitzgerald
14:50|two-fifty|He talked for an hour and twenty-five minutesâ€”from two-fifty to four-fifteen|In Cold Blood|Truman Capote
15:00|three|I would give much if he would but stay alive. It is hard to lie here and have to see and hear him. In the afternoon, about three, he is dead.|All Quiet on the Western Front|Erich Maria Remarque
15:00|three|â€œIâ€™ll now report the forbidden zones beginning this afternoon. Now please take notes. Take notes, now.â€ â­Shuya took out his map and a pen. Kawada also had his map out. â­â€œFirst off, from one oâ€™clock is J-5. Then, from three, H-3. From five is D-8. Did you get that?â€|Battle Royale|Koushun Takami
15:00|three oâ€™clock|â€œI donâ€™t want to hold you up,â€ he said. â€œHow about this coming Friday? That should give me plenty of time. About three oâ€™clock?â€|Stoner|John Williams
15:00|three oâ€™clock|He headed, with a kid of grim determination, toward the library; he intended to find an empty carrel and give the manuscript a hasty hourâ€™s reading before his three oâ€™clock appointment with Miss Driscoll.|Stoner|John Williams
15:00|three oâ€™clock|The secretaryâ€”a new girl that Lomax had recently hiredâ€”said to him accusingly, almost insolently, â€œMiss Driscoll was here to see you at three oâ€™clock. She waited nearly an hour.â€|Stoner|John Williams
15:00|three|â€œWhat time did you leave Fort Scott?â€ â€That afternoon. We did some work on my car, and had a bowl of chili at the West Side CafÃ©. It must have been around three.â€|In Cold Blood|Truman Capote
15:00|three|After the first day the men spent in the valley, it rained nearly every afternoon, so that they soon got in the habit of leaving their work at about three and lying about the camp under a tarpaulin stretched from the high sides of the wagon and pegged into the ground.|Butcherâ€™s Crossing|John Williams
15:00|Three oâ€™clock|â€œThe funeralâ€™s tomorrow,â€ I said. â€œThree oâ€™clock, here at the house. I wish youâ€™d tell anybody whoâ€™d be interested.â€|The Great Gatsby|F. Scott Fitzgerald
15:00|three|A little before three the Lutheran minister arrived from Flushing, and I began to look involuntarily out the windows for other cars.|The Great Gatsby|F. Scott Fitzgerald
15:00|three oâ€™clock|The hands of the middle clock said it was three oâ€™clock, and Hirai knew that the middle clock was the only one of the three that showed the correct time.|Before the Coffee Gets Cold|Toshikazu Kawaguchi
15:00|three oâ€™clock|She remembered looking at the middle wall clock to check the time: exactly three oâ€™clock. A little early, but she thought she might try her hand at making some snacks for a change.|Before the Coffee Gets Cold|Toshikazu Kawaguchi
15:05|five after three|The watchâ€™s hands, distorted through the raindrops on the glass, indicated five after three.|Battle Royale|Koushun Takami
15:05|five minutes past three|Ultimately, at five minutes past three that afternoon, Smith admitted the falsity of the Fort Scott tale. â€œThat was only something Dick told his family. So he could stay out overnight. Do some drinking.â€|In Cold Blood|Truman Capote
15:30|half-past three|The rain cooled about half-past three to a damp mist, through which occasional thin drops swam like dew. Gatsby looked with vacant eyes through a copy of Clayâ€™s â—»Economicsâ—», starting at the Finnish tread that shook the kitchen floor, and peering towards the bleared windows from time to time as if a series of invisible but alarming happenings were taking place.|The Great Gatsby|F. Scott Fitzgerald
15:50|three-fifty|Taking out my timetable, I drew a small circle around the three-fifty train. Then I leaned back in my chair and tried to think. It was just noon.|The Great Gatsby|F. Scott Fitzgerald
15:58|two minutes to four|â€œNobodyâ€™s coming to tea. Itâ€™s too late!â€ He looked at his watch as if there was some pressing demand on his time elsewhere. â€œI canâ€™t wait all day.â€ â€Donâ€™t be silly; itâ€™s just two minutes to four.â€|The Great Gatsby|F. Scott Fitzgerald
16:00|four oâ€™clock|He had informed Al Dewey that at approximately four oâ€™clock on Saturday, November 14, the day of the murders, a pair of Mexicans, one mustachioed and the other pockmarked, appeared at River Valley Farm.|In Cold Blood|Truman Capote
16:00|four oâ€™clock|Mr. Helm was equally definite: Mexicans, a mustache, pockmarks, four oâ€™clock.|In Cold Blood|Truman Capote
16:00|four oâ€™clock|The crowd started forming at four oâ€™clock, the hour that the county attorney had given as the probable arrival time of Hickock and Smith.|In Cold Blood|Truman Capote
16:00|four|â€œDo you have the time? Oh,â€ she cried when he told her it was past four, â€œIâ€™ve got to run! But it was nice to have seen you, Mr. Dewey.â€|In Cold Blood|Truman Capote
16:00|1600|After lunch, from 1300 to 1600 Bowman would make a slow and careful tour of the shipâ€”or such part of it that was accessible.|2001: A Space Odyssey|Arthur C. Clarke
16:00|1600|By 1600, he would have finished his inspection and would make a detailed verbal report to Mission Control, talking until the acknowledgment started to come in.|2001: A Space Odyssey|Arthur C. Clarke
16:00|four|â€œOne of the papers said they thought the rain would stop about four. I think it was â—»Theâ—» â—»Journalâ—».â€|The Great Gatsby|F. Scott Fitzgerald
16:00|four oâ€™clock|The room was large and stifling, and, though it was already four oâ€™clock, opening the windows admitted only a gust of hot shrubbery from the Park.|The Great Gatsby|F. Scott Fitzgerald
16:00|four oâ€™clock|No telephone message arrived, but the butler went without his sleep and waited for it until four oâ€™clockâ€”until long after there was anyone to give it if it came.|The Great Gatsby|F. Scott Fitzgerald
16:15|four-fifteen|He talked for an hour and twenty-five minutesâ€”from two-fifty to four-fifteen|In Cold Blood|Truman Capote
16:30|four-thirty|Although it seemed only a few minutes had elapsed since he started reading, he glanced at his watch. It was nearly four-thirty.|Stoner|John Williams
16:30|four-thirty|Ordinarily, we feed just twice a day. Breakfast at seven-thirty, and at four-thirty, we serve the main meal.|In Cold Blood|Truman Capote
16:57|four fifty-seven|On the face of his womenâ€™s watch, with its elegant italicized numbers, the hands indicated four fifty-seven.|Battle Royale|Koushun Takami
17:00|five|â€œIâ€™ll now report the forbidden zones beginning this afternoon. Now please take notes. Take notes, now.â€ â­Shuya took out his map and a pen. Kawada also had his map out. â­â€œFirst off, from one oâ€™clock is J-5. Then, from three, H-3. From five is D-8. Did you get that?â€|Battle Royale|Koushun Takami
17:00|five oâ€™clock|Then a thought came to him, and he turned over his wrist to look at his watch. He was pretty sure they were somewhere near D-8, which Sakamochi had said would become a forbidden zone at five oâ€™clock.|Battle Royale|Koushun Takami
17:00|five|A full one hundred meters down the slope, Kazuo Kiriyama didnâ€™t look back. Instead, he glanced down at his watch. â­The second hand had just made its seventh click past five.|Battle Royale|Koushun Takami
17:00|five|At five that afternoon, some twenty minutes after the stolen Chevrolet rolled off the Nevada desert into Las Vegas, the long ride came to an end.|In Cold Blood|Truman Capote
17:00|five|The young Greek, Michaelis, who ran the coffee joint beside the ash-heaps was the principal witness at the inquest. He had slept through the heat until after five, when he strolled over to the garage, and found George Wilson sick in his officeâ€”really sick, pale as his own pale hair and shaking all over.|The Great Gatsby|F. Scott Fitzgerald
17:00|five|Meyer Wolfshiemâ€™s name wasnâ€™t in the phone book. The butler gave me his office address on Broadway, and I called Information, but by the time I had the number it was longer after five, and no one answered the phone.|The Great Gatsby|F. Scott Fitzgerald
17:00|five oâ€™clock|About five oâ€™clock our procession of three cars reached the cemetery and stopped in a thick drizzle beside the gateâ€”first a motor hearse, horribly black and wet, then Mr. Gatz and the minister and me in the limousine, and a little later four or five servants and the postman from West Egg, in Gatsbyâ€™s station wagon, all wet to the skin.|The Great Gatsby|F. Scott Fitzgerald
17:30|five-thirty|It was five-thirty. Dewey, intentionally abrupt, terminated the interview. â€œWeâ€™ll take this up again tomorrow,â€ he said.|In Cold Blood|Truman Capote
18:00|six oâ€™clock|At six oâ€™clockâ€”the guests were supposed to arrive at sevenâ€”she counted the glasses once again and discovered that she did not have enough for the guests expected.|Stoner|John Williams
18:00|six|At two oâ€™clock we start the meal. It lasts till six.|All Quiet on the Western Front|Erich Maria Remarque
18:00|six p.m.|Shuya nodded. â€œYeah. At eleven this will become a forbidden zone.â€ Sakamochi had said as much in his six p.m. announcement. The others were G-1 at seven and I-3 at nine; part of the southwestern short and the southern slope of the southern mountain.|Battle Royale|Koushun Takami
18:00|six oâ€™clock|She had finished off the last of her bottled water by the time Sakamochi gave his six oâ€™clock announcement.|Battle Royale|Koushun Takami
18:00|six oâ€™clock|The school stood eighty meters from its nearest neighboring cell, F-7, where Shinji and Yutaka were. Neither F-7 nor H-7 on the opposite side had been included in the list of forbidden zones in the six oâ€™clock announcement.|Battle Royale|Koushun Takami
18:00|six p.m.|Kayoko Kotohiki was certainly somewhere on the island. And since Sakamochi hadnâ€™t read her name in any of the announcements, she should still be aliveâ€”as long as she hadnâ€™t died after six p.m.|Battle Royale|Koushun Takami
18:00|six oâ€™clock|When Sakamochi reported Takako Chigsuaâ€™s dead in his six oâ€™clock announcement, Shuya had worried how Hiroki would take it.|Battle Royale|Koushun Takami
18:00|six p.m.|Shuya lifted his limp arm with his right hand and looked at his watch. Beneath the muddy glass, the hands read five seconds past six p.m.|Battle Royale|Koushun Takami
18:00|six oâ€™clock|But when the sun descend, when the shadows of the squareâ€™s giant shade trees met and combined, the coldness as well as darkness numbed the crowd. Numbed and pruned it; by six oâ€™clock, fewer than three hundred persons remained.|In Cold Blood|Truman Capote
18:00|six|So I kind of had my heart in my mouth when I saw the cars arrive, saw the reporters, all the newspaper fellows running and pushing; but by then it was dark, after six, and bitter coldâ€”more than half the crowd had given up and gone home.|In Cold Blood|Truman Capote
18:00|1800|At 1800 hours, Poole would awaken, and he would hand over command.|2001: A Space Odyssey|Arthur C. Clarke
18:00|six oâ€™clock|One of my most vivid memories is of coming back West from prep school and later from college at Christmas time. Those who went farther than Chicago would gather in the old dim Union Station at six oâ€™clock of a December evening, with a few Chicago friends, already caught up into their own holiday gaieties, to bid them a hasty goodbye.|The Great Gatsby|F. Scott Fitzgerald
18:10|ten past six|While outlining his schemes for future financial betterment, he signed the check and pushed it across his desk. The time was ten past six, and the agent was anxious to go; his wife would be waiting supper.|In Cold Blood|Truman Capote
18:10|ten past six|They preferred to believe Bob Johnson, the insurance salesman, who had spent all Saturday afternoon conferring with Mr. Clutter in the latterâ€™s office, and who was â€œabsolutely positiveâ€ that from two to ten past six he had been Herbâ€™s sole visitor.|In Cold Blood|Truman Capote
18:30|half-past six|We drink coffee until half-past sixâ€”officerâ€™s coffee from the supply dumpâ€”and smoke officerâ€™s cigars and cigarettesâ€”also from the supply dump.|All Quiet on the Western Front|Erich Maria Remarque
18:30|half-past six|Punctually at half-past six we begin supper.|All Quiet on the Western Front|Erich Maria Remarque
18:50|ten of seven|â€œThere was a full moon, and I thought, maybe, if Nancy wanted to, we might go for a driveâ€”drive out to McKinney Lake. Or go to the movies in Garden City. But when I called herâ€”it must have been about ten of sevenâ€”she said sheâ€™d have to ask her father.â€|In Cold Blood|Truman Capote
19:00|seven|At six oâ€™clockâ€”the guests were supposed to arrive at sevenâ€”she counted the glasses once again and discovered that she did not have enough for the guests expected.|Stoner|John Williams
19:00|seven oâ€™clock|â€œPrayer is better than sleeping,â€ she stands there and smiles innocently. â€œAnd it is seven oâ€™clock already.â€|All Quiet on the Western Front|Erich Maria Remarque
19:00|seven|Shuya nodded. â€œYeah. At eleven this will become a forbidden zone.â€ Sakamochi had said as much in his six p.m. announcement. The others were G-1 at seven and I-3 at nine; part of the southwestern short and the southern slope of the southern mountain.|Battle Royale|Koushun Takami
19:00|seven p.m.|Sakamochi continued, â€œFrom seven p.m.â€¦â€|Battle Royale|Koushun Takami
19:00|seven|â€œWe live three mile west of the Clutter place. I used to walk it back and forth, but I always worked summers, and last year Iâ€™d saved enough to buy my own car, a â€™55 Ford. So I drove over there, got there a little after seven.â€|In Cold Blood|Truman Capote
19:00|seven|On the evening of November 28, somewhere around seven, Jennie Marie was sitting with her parents in the parlor watching television; Lowell Lee was locked in his bedroom reading the last chapter of â—»Theâ—» â—»Brothersâ—» â—»Karamazovâ—».|In Cold Blood|Truman Capote
19:00|seven oâ€™clock|By seven oâ€™clock the orchestra has arrived, no thin five-piece affair but a whole pitful of oboes and trombones and saxophones and viols and cornets and piccolos, and low and high drums.|The Great Gatsby|F. Scott Fitzgerald
19:00|seven|Dressed up in white flannels I went over to his lawn a little after seven, and wandered around rather ill at ease among swirls of eddies of people I didnâ€™t knowâ€”though here and there was a face I had noticed on the commuting train.|The Great Gatsby|F. Scott Fitzgerald
19:00|seven oâ€™clock|It was seven oâ€™clock when we got into the coupÃ© with him and started for Long Island.|The Great Gatsby|F. Scott Fitzgerald
20:00|eight oâ€™clock in the evening|At eight oâ€™clock in the evening he will eat some miserable rubbish they get in exchange for their food tickets, then he will take a powder for his headache and work on.|All Quiet on the Western Front|Erich Maria Remarque
20:00|eight|â€œWhat about Yuko? How did you find her?â€ Yukie nodded and looked at him. â€œThat was also pure luck. We came inside here yesterday morningâ€”itâ€™s a pretty good fortress, right? Anyway, it was last night, around eight I think. Yuko just happened to pass right by. She was terrified.â€|Battle Royale|Koushun Takami
20:00|8 at night|After we were married, I worked at a service-station near Kansas City. I worked from 8 at night till 8 in the morning.|In Cold Blood|Truman Capote
20:00|eight|At eight the primrose closes.|The Road|Cormac McCarthy
20:00|eight oâ€™clock|I have been drunk just twice in my life and the second time was that afternoon; so everything that happened was a dim hazy cast over it although until after eight oâ€™clock the apartment was full of cheerful sun.|The Great Gatsby|F. Scott Fitzgerald
20:00|2000|The last hours of Bowmanâ€™s day were devoted to general cleaning up and odd jobs, followed by dinner at 2000â€”again with Poole.|2001: A Space Odyssey|Arthur C. Clarke
20:00|eight oâ€™clock|Again at eight oâ€™clock, when the dark lanes of the Forties were lined five deep with throbbing taxicabs, bound for the theatre district, I felt a sinking in my heart.|The Great Gatsby|F. Scott Fitzgerald
20:00|eight p.m.|â€œYes. Okay, Iâ€™ll wait,â€ Fumiko said, desperately clutching her straw. â€What time do you close?â€ â€Regular hours are until eight p.m. But if you decide you want to wait, you can wait for as long as it takes.â€|Before the Coffee Gets Cold|Toshikazu Kawaguchi
20:57|8:57|The evening was still a bit chilly for May, and the manâ€™s disheveled, threadbare windbreaker made him stand outâ€”just one of many fleeting impressions flowing beyond the bus windows, swept away by the low rumble of its engine. The digital clock above the driverâ€™s seat changed to 8:57.|Battle Royale|Koushun Takami
21:00|nine|Shuya nodded. â€œYeah. At eleven this will become a forbidden zone.â€ Sakamochi had said as much in his six p.m. announcement. The others were G-1 at seven and I-3 at nine; part of the southwestern short and the southern slope of the southern mountain.|Battle Royale|Koushun Takami
21:00|nine oâ€™clock|It was nine oâ€™clockâ€”almost immediately afterward I look at my watch and found it was ten.|The Great Gatsby|F. Scott Fitzgerald
21:30|nine-thirty|â€œThen we saw a Western, and after that a spy adventureâ€”â€˜Five Fingers.â€™ â€˜Mike Hammerâ€™ came on at nine-thirty. Then the news.â€|In Cold Blood|Truman Capote
21:30|half-past nine|â€œItâ€™s only half-past nine,â€ she said.|The Great Gatsby|F. Scott Fitzgerald
22:00|ten oâ€™clock|By ten oâ€™clock most of the guests had taken plates piled with sliced cold ham and turkey, pickled apricots, and the varied garniture of tiny tomatoes, celery stalks, olives, pickles, crisp radishes, and little raw cauliflower ears; a few were drunk and would not eat.|Stoner|John Williams
22:00|ten oâ€™clock|At ten oâ€™clock we throw the bones of the sucking pigs outside the door. Then there is cognac and rumâ€”also from the blessed supply dumpâ€”and once again long, fat cigars with belly-bands.|All Quiet on the Western Front|Erich Maria Remarque
22:00|ten|In other circumstances Mr. Clutter would have refused. His laws were laws, and one of them was: Nancyâ€”and Kenyon, tooâ€”must be home by ten on weeknights, by twelve on Saturdays.|In Cold Blood|Truman Capote
22:00|ten|He worked straight through Friday, from eight oâ€™clock in the morning until ten that night.|Stoner|John Williams
22:00|ten|Quite the contrary, for their pleasures were not his; he had no use for card games, golf, cocktails, or buffet suppers served at tenâ€”or, indeed, for any pastime that he felt did not â€œaccomplish something.â€|In Cold Blood|Truman Capote
22:00|10:00 P.M.|As the undersheriffâ€™s helpmate her hours are long; between five in the morning, when she begins the day by reading a chapter in the Bible, and 10:00 P.M., her bedtime, she cooks and sews for the prisoners, darns, does their laundry, takes splendid care of her husband, and looks after their five-room apartment, with its â—»gemÃ¼tlichâ—» mÃ¨lange of plump hassocks and squashy chairs and cream-colored lave window curtains.|In Cold Blood|Truman Capote
22:00|Ten oâ€™clock|â€œTen oâ€™clock,â€ she remarked, apparently finding the time on the ceiling. â€œTime for this good girl to go to bed.â€|The Great Gatsby|F. Scott Fitzgerald
22:00|ten|It was nine oâ€™clockâ€”almost immediately afterward I look at my watch and found it was ten.|The Great Gatsby|F. Scott Fitzgerald
22:30|ten-thirty|â€œAfter the sports ended, that was ten-thirty, and I got up to go.â€|In Cold Blood|Truman Capote
22:30|ten-thirty|â€˜The Missis and me, we didnâ€™t sleep two hours last night, was up and down the whole time, on account of we got a sick baby. But the only thing we heard, about ten-thirty, quarter to eleven, I heard a car drive away, and I made the remark to Missis, â€œThere goes Bob Rupp.â€â€™|In Cold Blood|Truman
22:45|quarter to eleven|â€˜The Missis and me, we didnâ€™t sleep two hours last night, was up and down the whole time, on account of we got a sick baby. But the only thing we heard, about ten-thirty, quarter to eleven, I heard a car drive away, and I made the remark to Missis, â€œThere goes Bob Rupp.â€â€™|In Cold Blood|Truman
23:00|eleven|By eleven most of the guests had gone; among those who remained were Gordon and Caroline Finch, a few members of the department whom Stoner had known for several years, and Hollis Lomax. Lomax was quite drunk, though not ostentatiously so; he walked carefully, as if he carried a burden over uneven terrain, and his thin pale face shone through a film of sweat. The liquor loosened his tongue; and though he spoke precisely, his voice lost its edge of irony, and he appeared without defenses.|Stoner|John Williams
23:00|eleven oâ€™clock|Still, the incident had lamentably put off his retiring time, which was ordinarily eleven oâ€™clock.|In Cold Blood|Truman Capote
23:00|eleven|â€œAfter youâ€™ve eaten,â€ Shuya said, pulling the edges of the blanket snug, â€œyou should sleep a little more. Weâ€™ll have to leave here by eleven.â€|Battle Royale|Koushun Takami
23:00|eleven|Shuya nodded. â€œYeah. At eleven this will become a forbidden zone.â€ Sakamochi had said as much in his six p.m. announcement. The others were G-1 at seven and I-3 at nine; part of the southwestern short and the southern slope of the southern mountain.|Battle Royale|Koushun Takami
23:00|eleven oâ€™clock|Yukie lifted her eyebrows. â€œOh, so thatâ€™s what that wasâ€”after eleven oâ€™clock, right? This oneâ€”the one after you were brought hereâ€”it came just after midnight. It was way bigger than the ones at eleven.â€|Battle Royale|Koushun Takami
23:00|eleven|â€œYeah,â€ Shuya said, â€œbut F-4, just ahead, is off-limits starting at eleven.â€|Battle Royale|Koushun Takami
23:00|eleven oâ€™clock|As the black Chevrolet regained the highway and hurried on across a countryside imperceptibly ascending toward the colder, cracker-dry climate of the high wheat plains, Perry closed his eyes and dozed off into a food-dazed semi-slumber, from which he woke to hear a voice reading the eleven oâ€™clock news.|In Cold Blood|Truman Capote
23:00|eleven|Still, she had progressed in recent months, and it was in a handwriting of emerging maturity that she wrote, â€œJolene K. came over and I showed her how to make a cherry pie. Practiced with Roxie. Bobby here and we watched TV. Left at eleven.â€|In Cold Blood|Truman Capote
23:00|eleven P.M.|â€œIt would help if we knew in what order the family died, but the coroner canâ€™t tell us that; he only knows the murders happened sometime between eleven P.M. Saturday and two A.M. Sunday.â€|In Cold Blood|Truman Capote
23:00|eleven|Dewey read the final entry first. It consisted of three lines written an hour or two before she died: â€œJolene K. came over and I showed her how to make a cherry pie. Practiced with Roxie. Bobby here and we watched TV. Left at eleven.â€|In Cold Blood|Truman Capote
23:00|eleven|At eleven, when the movie let out, he returned to Wolcott.|In Cold Blood|Truman Capote
23:30|eleven-thirty|The State Theatre was having a â—»specialâ—», eleven-thirty, Friday-the-thirteenth â€œSpook Show,â€ and all â—»allâ—» her friends were going. In other circumstances Mr. Clutter would have refused.|In Cold Blood|Truman Capote